{  
  "GetProcInstAttrsResult":[  
    {  
      "Name":"SourceProcInstID",
      "Value":""
    },
    {  
      "Name":"TargetProcInstID",
      "Value":""
    },
    {  
      "Name":"LastModifiedDate",
      "Value":"4\/5\/2017 7:58:16 AM"
    },
    {  
      "Name":"LastModifiedBy",
      "Value":""
    },
    {  
      "Name":"DefID",
      "Value":"81260EE5E6162BBF117719D4F677C81D"
    },
    {  
      "Name":"SuperProcInstID",
      "Value":""
    },
    {  
      "Name":"ProcInstID",
      "Value":"81260EE5E6162BBF117719D59E63BABB"
    },
    {  
      "Name":"ProcInstName",
      "Value":"John725_Baker127-4\/5\/2017 7:58:16 AM"
    },
    {  
      "Name":"StartedDate",
      "Value":"4\/5\/2017 7:58:16 AM"
    },
    {  
      "Name":"DueDate",
      "Value":"4\/12\/2017 7:58:00 AM"
    },
    {  
      "Name":"CompletedDate",
      "Value":"1\/1\/0001 12:00:00 AM"
    },
    {  
      "Name":"WorkObjectID",
      "Value":"81260EE5E6162BBF117719D59E63BABC"
    },
    {  
      "Name":"LastSwapDate",
      "Value":"1\/1\/0001 12:00:00 AM"
    },
    {  
      "Name":"LastRunningStartTime",
      "Value":"10\/11\/2018 8:55:56 AM"
    },
    {  
      "Name":"LastRunningEndTime",
      "Value":"1\/1\/0001 12:00:00 AM"
    },
    {  
      "Name":"Version",
      "Value":"1.08"
    },
    {  
      "Name":"DefName",
      "Value":"Microsoft Dynamics Lead To Opportunity"
    },
    {  
      "Name":"Status",
      "Value":"Running"
    },
    {  
      "Name":"ApplName",
      "Value":"Microsoft Dynamics Lead To Opportunity"
    },
    {  
      "Name":"ProcInitiator",
      "Value":"nxone\\VAIBHAV.BRAHME"
    },
    {  
      "Name":"ProcInitiatorLoc",
      "Value":"?"
    },
    {  
      "Name":"ProcessInitiator",
      "Value":"nxone\\VAIBHAV.BRAHME"
    },
    {  
      "Name":"ProcessInitiatorLocation",
      "Value":"?"
    },
    {  
      "Name":"WorkObjectInfo",
      "Value":""
    },
    {  
      "Name":"ProcessDefinitionDisplayName",
      "Value":"Microsoft Dynamics Lead To Opportunity"
    },
    {  
      "Name":"ApplicationDisplayName",
      "Value":"Microsoft Dynamics"
    },
    {  
      "Name":"ToplevelProcInstID",
      "Value":""
    }
  ]
}